date,prospect,url,channel,contact,stage,sent,replied,outcome,next_action,next_date,amount_usd
2026-08-26,Clean Simple Eats,https://cleansimpleeats.com,gmail,hello@cleansimpleeats.com,SENT,2026-08-26,,pending,follow-up,2026-08-29,250
2026-08-26,Equi London,https://equilondon.com,gmail,info@equilondon.com,SENT,2026-08-26,,pending,follow-up,2026-08-29,250
2026-08-26,LAY LO Pets,https://laylopets.com,gmail,gabriela@laylopets.com,SENT,2026-08-26,,pending,follow-up,2026-08-29,250
2026-08-26,maxbone,https://maxbone.com,gmail,info@maxbone.com,SENT,2026-08-26,,pending,follow-up,2026-08-29,250
2026-08-26,The Foggy Dog,https://thefoggydog.com,gmail,woof@thefoggydog.com,SENT,2026-08-26,,pending,follow-up,2026-08-29,250
2026-08-26,Native Pet,https://nativepet.com,gmail,info@nativepet.com,SENT,2026-08-26,,pending,follow-up,2026-08-29,250
2026-08-26,Bocce's Bakery,https://boccesbakery.com,gmail,hello@boccesbakery.com,SENT,2026-08-26,,pending,follow-up,2026-08-29,250
2026-08-26,Primally Pure,https://primallypure.com,gmail,hello@primallypure.com,SENT,2026-08-26,,pending,follow-up,2026-08-29,250
2026-08-26,Paw Balance,https://pawbalance.co,gmail,support@pawbalance.co,SENT,2026-08-26,,pending,follow-up,2026-08-29,250
2026-08-26,Misen,https://misen.com,gmail,support@misen.com,SENT,2026-08-26,,pending,follow-up,2026-08-29,250
2026-08-26,Farmer's Fetch,https://farmersfetchbones.com,gmail,team@farmersfetchbones.com,SENT,2026-08-26,,pending,follow-up,2026-08-29,250
2026-08-26,Dieux,https://dieuxskin.com,gmail,hello@dieuxskin.com,SENT,2026-08-26,,pending,follow-up,2026-08-29,250
2026-08-26,Brightland,https://brightland.co,gmail,goodday@brightland.co,SENT,2026-08-26,,pending,follow-up,2026-08-29,250
2026-08-26,Fly by Jing,https://flybyjing.com,gmail,support@flybyjing.com,SENT,2026-08-26,,pending,follow-up,2026-08-29,250
2026-08-26,Burlap & Barrel,https://burlapandbarrel.com,gmail,care@burlapandbarrel.com,SENT,2026-08-26,,pending,follow-up,2026-08-29,250
2026-08-26,Rumpl,https://rumpl.com,gmail,info@rumpl.com,SENT,2026-08-26,,pending,follow-up,2026-08-29,250
2026-08-26,Hikerkind,https://hikerkind.com,gmail,shop@hikerkind.com,SENT,2026-08-26,,pending,follow-up,2026-08-29,250
2026-08-26,The Sill,https://thesill.com,gmail,info@thesill.com,SENT,2026-08-26,,pending,follow-up,2026-08-29,250
2026-08-26,Ellis Brooklyn,https://ellisbrooklyn.com,gmail,info@ellisbrooklyn.com,SENT,2026-08-26,,pending,follow-up,2026-08-29,250
2026-08-26,Nécessaire,https://necessaire.com,gmail,team@necessaire.com,SENT,2026-08-26,,pending,follow-up,2026-08-29,250
2026-08-26,Saie,https://saiehello.com,gmail,hi@saiehello.com,SENT,2026-08-26,,pending,follow-up,2026-08-29,250
2026-08-26,DedCool,https://dedcool.com,gmail,hello@dedcool.com,SENT,2026-08-26,,pending,follow-up,2026-08-29,250
2026-08-26,Fable,https://fablepets.com,gmail,help@fablepets.com,SENT,2026-08-26,,pending,follow-up,2026-08-29,250
2026-08-26,Diggs,https://diggs.pet,gmail,help@diggs.pet,SENT,2026-08-26,,pending,follow-up,2026-08-29,250
2026-08-26,Pet Honesty,https://pethonesty.com,gmail,hello@pethonesty.com,SENT,2026-08-26,,pending,follow-up,2026-08-29,250
2026-08-26,Polkadog,https://polkadog.com,gmail,delivery@polkadog.com,SENT,2026-08-26,,pending,follow-up,2026-08-29,250
2026-08-26,Pup Thrive,https://shoppupthrive.com,gmail,info@shoppupthrive.com,SENT,2026-08-26,,pending,follow-up,2026-08-29,250
2026-08-26,Branch Basics,https://branchbasics.com,gmail,info@branchbasics.com,SENT,2026-08-26,,pending,follow-up,2026-08-29,250
2026-08-26,Phlur,https://phlur.com,gmail,support@phlur.com,SENT,2026-08-26,,pending,follow-up,2026-08-29,250
2026-08-26,Jones Road,https://jonesroadbeauty.com,gmail,hi@jonesroadbeauty.com,SENT,2026-08-26,,pending,follow-up,2026-08-29,250
2026-08-26,Graza,https://graza.co,gmail,hello@graza.co,SENT,2026-08-26,,pending,follow-up,2026-08-29,250
2026-08-26,Atlas Coffee Club,https://atlascoffeeclub.com,gmail,support@atlascoffeeclub.com,SENT,2026-08-26,,pending,follow-up,2026-08-29,250
2026-08-26,Solly Baby,https://sollybaby.com,gmail,info@sollybaby.com,SENT,2026-08-26,,pending,follow-up,2026-08-29,250
2026-08-26,Sunday Scaries,https://sundayscaries.com,gmail,happiness@sundayscaries.com,SENT,2026-08-26,,pending,follow-up,2026-08-29,250
2026-08-26,Blueland,https://blueland.com,gmail,help@blueland.com,SENT,2026-08-26,,pending,follow-up,2026-08-29,250
2026-08-26,Biscuit Home,https://biscuit-home.com,gmail,hello@biscuit-home.com,SENT,2026-08-26,,pending,follow-up,2026-08-29,250
2026-08-26,LONA Beauty,https://lonabeauty.com,gmail,hey@lonabeauty.com,SENT,2026-08-26,,pending,follow-up,2026-08-29,250
2026-08-26,Field Company,https://fieldcompany.com,gmail,help@fieldcompany.com,SENT,2026-08-26,,pending,follow-up,2026-08-29,250
2026-08-26,The Hampton Grocer,https://thehamptongrocer.com,gmail,hello@thehamptongrocer.com,SENT,2026-08-26,,pending,follow-up,2026-08-29,250
2026-08-26,Pureopia,https://pureopia.com,gmail,hello@pureopia.com,SENT,2026-08-26,,pending,follow-up,2026-08-29,250
2026-08-26,Wild Wolf,https://wildwolfbullysticks.com,gmail,info@wildwolfbullysticks.com,SENT,2026-08-26,,pending,follow-up,2026-08-29,250
2026-08-26,Herbivore,https://herbivorebotanicals.com,gmail,info@herbivorebotanicals.com,SENT,2026-08-26,,pending,follow-up,2026-08-29,250
2026-08-26,CLN&DRTY,https://clnanddrty.com,gmail,Hello@CLNandDRTY.com,SENT,2026-08-26,,pending,follow-up,2026-08-29,250
2026-08-26,Boy Smells,https://boysmells.com,gmail,query@boysmells.com,SENT,2026-08-26,,pending,follow-up,2026-08-29,250
2026-08-26,Otherland,https://otherland.com,gmail,hello@otherland.com,SENT,2026-08-26,,pending,follow-up,2026-08-29,250
2026-08-26,Diaspora Co,https://diasporaco.com,gmail,info@diasporaco.com,SENT,2026-08-26,,pending,follow-up,2026-08-29,250
2026-08-26,Fishwife,https://eatfishwife.com,gmail,hello@eatfishwife.com,SENT,2026-08-26,,pending,follow-up,2026-08-29,250
2026-08-26,Golde,https://golde.co,gmail,support@golde.co,SENT,2026-08-26,,pending,follow-up,2026-08-29,250
2026-08-26,VEGAMOUR,https://vegamour.com,gmail,support@vegamour.com,SENT,2026-08-26,,pending,follow-up,2026-08-29,250
2026-08-26,Heretic,https://hereticparfum.com,gmail,concierge@hereticparfum.com,SENT,2026-08-26,,pending,follow-up,2026-08-29,250
2026-08-26,Trade Coffee,https://drinktrade.com,gmail,support@drinktrade.com,SENT,2026-08-26,,pending,follow-up,2026-08-29,250
2026-08-26,ILIA,https://iliabeauty.com,gmail,support@iliabeauty.com,SENT,2026-08-26,,pending,follow-up,2026-08-29,250
2026-08-26,Kosas,https://kosas.com,gmail,letschat@kosas.com,SENT,2026-08-26,,pending,follow-up,2026-08-29,250
2026-08-26,Milk & Honey Babies,https://milkandhoneybabies.com,gmail,hello@milkandhoneybabies.com,SENT,2026-08-26,,pending,follow-up,2026-08-29,250
2026-08-26,Nath Jewelry,https://nathjewelry.com,gmail,hi@nathjewelry.com,SENT,2026-08-26,,pending,follow-up,2026-08-29,250
2026-08-26,Kilne,https://kilne.com,gmail,hello@kilne.com,SENT,2026-08-26,,pending,follow-up,2026-08-29,250
2026-08-26,Wild Linens,https://wildlinens.com,gmail,hello@wildlinens.com,SENT,2026-08-26,,pending,follow-up,2026-08-29,250
2026-08-26,Anara Skincare,https://anaraskincare.com,gmail,hello@anaraskincare.com,SENT,2026-08-26,,pending,follow-up,2026-08-29,250
2026-08-26,Caraway,https://carawayhome.com,gmail,Hello@carawayhome.com,SENT,2026-08-26,,pending,follow-up,2026-08-29,250
2026-08-26,Summer Fridays,https://summerfridays.com,gmail,help@summerfridays.com,SENT,2026-08-26,,pending,follow-up,2026-08-29,250
2026-08-26,Hu Kitchen,https://hukitchen.com,gmail,support@hukitchen.com,SENT,2026-08-26,,pending,follow-up,2026-08-29,250
2026-08-26,APOTHEKE,https://apothekeco.com,gmail,info@apothekeco.com,SENT,2026-08-26,,pending,follow-up,2026-08-29,250
2026-08-26,MERIT Beauty,https://meritbeauty.com,gmail,hi@meritbeauty.com,SENT,2026-08-26,,pending,follow-up,2026-08-29,250
2026-08-26,Piglet in Bed,https://pigletinbed.com,gmail,team@pigletinbed.com,SENT,2026-08-26,,pending,follow-up,2026-08-29,250
2026-08-26,Smithey Ironware,https://smithey.com,gmail,support@smithey.com,SENT,2026-08-26,,pending,follow-up,2026-08-29,250
2026-08-26,By Rosie Jane,https://byrosiejane.com,gmail,hello@byrosiejane.com,SENT,2026-08-26,,pending,follow-up,2026-08-29,250
2026-08-26,P.F. Candle Co,https://pfcandleco.com,gmail,hello@pfcandleco.com,SENT,2026-08-26,,pending,follow-up,2026-08-29,250
2026-08-26,The Nue Co,https://thenueco.com,gmail,info@thenueco.com,SENT,2026-08-26,,pending,follow-up,2026-08-29,250
2026-08-26,Starface,https://starfaceworld.com,gmail,orders@starfaceworld.com,SENT,2026-08-26,,pending,follow-up,2026-08-29,250
2026-08-26,GOSO Cookware,https://gosocookware.com,gmail,hello@gosocookware.com,SENT,2026-08-26,,pending,follow-up,2026-08-29,250
2026-08-26,Little Earthlings,https://littleearthlings.co,gmail,hello@littleearthlings.co,SENT,2026-08-26,,pending,follow-up,2026-08-29,250
2026-08-26,Michele's Granola,https://michelesgranola.com,gmail,info@michelesgranola.com,SENT,2026-08-26,,pending,follow-up,2026-08-29,250
2026-08-26,Tedi's Snacks,https://tedissnacks.com,gmail,hello@tedissnacks.com,SENT,2026-08-26,,pending,follow-up,2026-08-29,250
2026-08-26,Maison Louis Marie,https://maisonlouismarie.com,gmail,info@maisonlouismarie.com,SENT,2026-08-26,,pending,follow-up,2026-08-29,250
2026-08-26,Westman Atelier,https://westman-atelier.com,gmail,artistry@westman-atelier.com,SENT,2026-08-26,,pending,follow-up,2026-08-29,250
2026-08-26,RMS Beauty,https://rmsbeauty.com,gmail,customerservice@rmsbeauty.com,SENT,2026-08-26,,pending,follow-up,2026-08-29,250
2026-08-26,Glow Recipe,https://glowrecipe.com,gmail,love@glowrecipe.com,SENT,2026-08-26,,pending,follow-up,2026-08-29,250
2026-08-26,BYOMA,https://byoma.com,gmail,hello@byoma.com,SENT,2026-08-26,,pending,follow-up,2026-08-29,250
2026-08-26,Milk Makeup,https://milkmakeup.com,gmail,hello@milkmakeup.com,SENT,2026-08-26,,pending,follow-up,2026-08-29,250
2026-08-26,Versed,https://versedskin.com,gmail,hello@versedskin.com,SENT,2026-08-26,,pending,follow-up,2026-08-29,250
2026-08-26,REFY,https://refybeauty.com,gmail,support@refybeauty.com,SENT,2026-08-26,,pending,follow-up,2026-08-29,250
2026-08-26,The INKEY List,https://theinkeylist.com,gmail,help@theinkeylist.com,SENT,2026-08-26,,pending,follow-up,2026-08-29,250
2026-08-26,Function of Beauty,https://functionofbeauty.com,gmail,hello@functionofbeauty.com,SENT,2026-08-26,,pending,follow-up,2026-08-29,250
2026-08-26,Commodity,https://commodityfragrances.com,gmail,customerservice@commodityfragrances.com,SENT,2026-08-26,,pending,follow-up,2026-08-29,250
2026-08-26,Great Jones,https://greatjonesgoods.com,gmail,hi@greatjonesgoods.com,SENT,2026-08-26,,pending,follow-up,2026-08-29,250
2026-08-26,Brooklinen,https://brooklinen.com,gmail,hello@brooklinen.com,SENT,2026-08-26,,pending,follow-up,2026-08-29,250
2026-08-26,Tatcha,https://tatcha.com,gmail,customercare@tatcha.com,SENT,2026-08-26,,pending,follow-up,2026-08-29,250
2026-08-26,Rare Beauty,https://rarebeauty.com,gmail,hello@rarebeauty.com,SENT,2026-08-26,,pending,follow-up,2026-08-29,250
2026-08-26,Sol de Janeiro,https://soldejaneiro.com,gmail,ola@soldejaneiro.com,SENT,2026-08-26,,pending,follow-up,2026-08-29,250
2026-08-26,Patrick Ta,https://patrickta.com,gmail,help@patrickta.com,SENT,2026-08-26,,pending,follow-up,2026-08-29,250
2026-08-26,OUAI,https://theouai.com,gmail,team@theouai.com,SENT,2026-08-26,,pending,follow-up,2026-08-29,250
2026-08-26,Girlfriend Collective,https://girlfriend.com,gmail,hello@girlfriend.com,SENT,2026-08-26,,pending,follow-up,2026-08-29,250
2026-08-26,Peach & Lily,https://peachandlily.com,gmail,hello@peachandlily.com,SENT,2026-08-26,,pending,follow-up,2026-08-29,250
2026-08-26,K18,https://k18hair.com,gmail,hello@k18hair.com,SENT,2026-08-26,,pending,follow-up,2026-08-29,250
2026-08-26,Olaplex,https://olaplex.com,gmail,customerservice@olaplex.com,SENT,2026-08-26,,pending,follow-up,2026-08-29,250
2026-08-26,Public Goods,https://publicgoods.com,gmail,service@publicgoods.com,SENT,2026-08-26,,pending,follow-up,2026-08-29,250
2026-08-26,melin,https://melin.com,gmail,info@melin.com,SENT,2026-08-26,,pending,follow-up,2026-08-29,250
2026-08-26,Crown Affair,https://crownaffair.com,gmail,care@crownaffair.com,SENT,2026-08-26,,pending,follow-up,2026-08-29,250
2026-08-26,dae,https://daehair.com,gmail,cs@daehair.com,SENT,2026-08-26,,pending,follow-up,2026-08-29,250
2026-08-26,Color Wow,https://colorwowhair.com,gmail,hello@colorwowhair.com,SENT,2026-08-26,,pending,follow-up,2026-08-29,250
2026-08-26,dpHUE,https://dphue.com,gmail,info@dphue.com,SENT,2026-08-26,,pending,follow-up,2026-08-29,250
2026-08-26,Verb,https://verbproducts.com,gmail,info@verbproducts.com,SENT,2026-08-26,,pending,follow-up,2026-08-29,250
2026-08-26,Fable & Mane,https://fableandmane.com,gmail,support@fableandmane.com,SENT,2026-08-26,,pending,follow-up,2026-08-29,250
2026-08-26,Cuyana,https://cuyana.com,gmail,support@cuyana.com,SENT,2026-08-26,,pending,follow-up,2026-08-29,250
2026-08-26,Alo Yoga,https://aloyoga.com,gmail,support@aloyoga.com,SENT,2026-08-26,,pending,follow-up,2026-08-29,250
2026-08-26,CocoKind,https://cocokind.com,gmail,info@cocokind.com,SENT,2026-08-26,,pending,follow-up,2026-08-29,250
2026-08-26,Tata Harper,https://tataharper.com,gmail,info@tataharper.com,SENT,2026-08-26,,pending,follow-up,2026-08-29,250
2026-08-26,Lunya,https://lunya.co,gmail,happiness@lunya.co,SENT,2026-08-26,,pending,follow-up,2026-08-29,250
2026-08-26,East Fork,https://eastfork.com,gmail,care@eastfork.com,SENT,2026-08-26,,pending,follow-up,2026-08-29,250
2026-08-26,Ettitude,https://ettitude.com,gmail,care@ettitude.com,SENT,2026-08-26,,pending,follow-up,2026-08-29,250
2026-08-26,Brooklyn Candle Studio,https://brooklyncandlestudio.com,gmail,hello@brooklyncandlestudio.com,SENT,2026-08-26,,pending,follow-up,2026-08-29,250
2026-08-26,Eadem,https://eadem.co,gmail,hello@eadem.co,SENT,2026-08-26,,pending,follow-up,2026-08-29,250
2026-08-26,Year & Day,https://yearandday.com,gmail,support@yearandday.com,SENT,2026-08-26,,pending,follow-up,2026-08-29,250
2026-08-26,Colored Organics,https://coloredorganics.com,gmail,service@coloredorganics.com,SENT,2026-08-26,,pending,follow-up,2026-08-29,250
2026-08-26,CocoTherapy,https://cocotherapy.com,gmail,info@cocotherapy.com,SENT,2026-08-26,,pending,follow-up,2026-08-29,250
2026-08-26,Glossier,https://glossier.com,gmail,gTEAM@glossier.com,SENT,2026-08-26,,pending,follow-up,2026-08-29,250
2026-08-26,Sunday Riley,https://sundayriley.com,gmail,hello@sundayriley.com,SENT,2026-08-26,,pending,follow-up,2026-08-29,250
2026-08-26,Ceremonia,https://ceremonia.com,gmail,hola@ceremonia.com,SENT,2026-08-26,,pending,follow-up,2026-08-29,250
2026-08-26,Act+Acre,https://actandacre.com,gmail,hello@actandacre.com,SENT,2026-08-26,,pending,follow-up,2026-08-29,250
2026-08-26,Oribe,https://oribe.com,gmail,info@oribe.com,SENT,2026-08-26,,pending,follow-up,2026-08-29,250
2026-08-26,R+Co,https://randco.com,gmail,info@randco.com,SENT,2026-08-26,,pending,follow-up,2026-08-29,250
2026-08-26,Magic Spoon,https://magicspoon.com,gmail,hello@magicspoon.com,SENT,2026-08-26,,pending,follow-up,2026-08-29,250
2026-08-26,Daily Harvest,https://daily-harvest.com,gmail,hello@daily-harvest.com,SENT,2026-08-26,,pending,follow-up,2026-08-29,250
2026-08-26,Perelel,https://perelelhealth.com,gmail,hi@perelelhealth.com,SENT,2026-08-26,,pending,follow-up,2026-08-29,250
2026-08-26,INNBEAUTY,https://innbeautyproject.com,gmail,help@innbeautyproject.com,SENT,2026-08-26,,pending,follow-up,2026-08-29,250
2026-08-26,Divi,https://diviofficial.com,gmail,hello@diviofficial.com,SENT,2026-08-26,,pending,follow-up,2026-08-29,250
2026-08-26,Morphe,https://morphe.com,gmail,info@morphe.com,SENT,2026-08-26,,pending,follow-up,2026-08-29,250
2026-08-26,CALPAK,https://calpaktravel.com,gmail,help@calpaks.com,SENT,2026-08-26,,pending,follow-up,2026-08-29,250
2026-08-26,Material Kitchen,https://materialkitchen.com,gmail,hello@materialkitchen.com,SENT,2026-08-26,,pending,follow-up,2026-08-29,250
2026-08-26,Primary,https://primary.com,gmail,help@primary.com,SENT,2026-08-26,,pending,follow-up,2026-08-29,250
2026-08-26,Liquid Death,https://liquiddeath.com,gmail,info@liquiddeath.com,SENT,2026-08-26,,pending,follow-up,2026-08-29,250
2026-08-26,Lawless,https://lawlessbeauty.com,gmail,support@lawlessbeauty.com,SENT,2026-08-26,,pending,follow-up,2026-08-29,250
2026-08-26,Our Place,https://fromourplace.com,gmail,hello@fromourplace.com,SENT,2026-08-26,,pending,follow-up,2026-08-29,250
2026-08-26,Open Farm,https://openfarmpet.com,gmail,support@openfarmpet.com,SENT,2026-08-26,,pending,follow-up,2026-08-29,250
2026-08-26,Pattern,https://patternbeauty.com,gmail,hello@patternbeauty.com,SENT,2026-08-26,,pending,follow-up,2026-08-29,250
2026-08-26,Lancaster Cast Iron,https://lancastercastiron.com,gmail,info@lancastercastiron.com,SENT,2026-08-26,,pending,follow-up,2026-08-29,250
2026-08-26,Cultiver,https://cultiver.com,gmail,customer-care@cultiver.com,SENT,2026-08-26,,pending,follow-up,2026-08-29,250
2026-08-26,Chemme,https://mychemme.com,gmail,hello@hellomychemme.com,SENT,2026-08-26,,pending,follow-up,2026-08-29,250
2026-08-26,Raaka Chocolate,https://raakachocolate.com,gmail,info@raakachocolate.com,SENT,2026-08-26,,pending,follow-up,2026-08-29,250
2026-08-26,Onyx Coffee Lab,https://onyxcoffeelab.com,gmail,info@onyxcoffeelab.com,SENT,2026-08-26,,pending,follow-up,2026-08-29,250
2026-08-26,Needed,https://thisisneeded.com,gmail,hello@thisisneeded.com,SENT,2026-08-26,,pending,follow-up,2026-08-29,250
2026-08-26,Felt and Fat,https://feltandfat.com,gmail,support@feltandfat.com,SENT,2026-08-26,,pending,follow-up,2026-08-29,250
2026-08-26,Winnie Lou,https://winnielou.com,gmail,info@winnielou.com,SENT,2026-08-26,,pending,follow-up,2026-08-29,250
2026-08-26,Kaizen Cookware,https://kaizencookware.com,gmail,support@kaizencookware.com,SENT,2026-08-26,,pending,follow-up,2026-08-29,250
2026-08-26,Portland Pet Food Company,https://portlandpetfoodcompany.com,gmail,support@portlandpetfoodcompany.com,SENT,2026-08-26,,pending,follow-up,2026-08-29,250
2026-08-26,Fellow,https://fellowproducts.com,gmail,hello@fellowproducts.com,SENT,2026-08-26,,pending,follow-up,2026-08-29,250
2026-08-26,Gathre,https://gathre.com,gmail,hello@gathre.com,SENT,2026-08-26,,pending,follow-up,2026-08-29,250
2026-08-26,Cotopaxi,https://cotopaxi.com,gmail,llamas@cotopaxi.com,SENT,2026-08-26,,pending,follow-up,2026-08-29,250
2026-08-26,OLIPOP,https://drinkolipop.com,gmail,hello@drinkolipop.com,SENT,2026-08-26,,pending,follow-up,2026-08-29,250
2026-08-26,Danessa Myricks,https://danessamyricksbeauty.com,gmail,customerservice@danessamyricksbeauty.com,SENT,2026-08-26,,pending,follow-up,2026-08-29,250
2026-08-26,wildwonder,https://drinkwildwonder.com,gmail,hello@drinkwildwonder.com,SENT,2026-08-26,,pending,follow-up,2026-08-29,250
2026-08-26,Ghia,https://drinkghia.com,gmail,hi@drinkghia.com,SENT,2026-08-26,,pending,follow-up,2026-08-29,250
2026-08-26,Four Sigmatic,https://foursigmatic.com,gmail,support@foursigmatic.com,SENT,2026-08-26,,pending,follow-up,2026-08-29,250
2026-08-26,Athletic Brewing,https://athleticbrewing.com,gmail,info@athleticbrewing.com,SENT,2026-08-26,,pending,follow-up,2026-08-29,250
2026-08-26,Further Food,https://furtherfood.com,gmail,wecare@furtherfood.com,SENT,2026-08-26,,pending,follow-up,2026-08-29,250
2026-08-26,Loulou Lollipop,https://louloulollipop.com,gmail,customercare@louloulollipop.com,SENT,2026-08-26,,pending,follow-up,2026-08-29,250
2026-08-26,Dandelion Chocolate,https://dandelionchocolate.com,gmail,info@dandelionchocolate.com,SENT,2026-08-26,,pending,follow-up,2026-08-29,250
2026-08-26,Chamberlain Coffee,https://chamberlaincoffee.com,gmail,hi@chamberlaincoffee.com,SENT,2026-08-26,,pending,follow-up,2026-08-29,250
2026-08-26,Clevr Blends,https://clevrblends.com,gmail,wegotyou@clevrblends.com,SENT,2026-08-26,,pending,follow-up,2026-08-29,250
2026-08-26,Harlem Candle Company,https://harlemcandleco.com,gmail,info@harlembrands.com,SENT,2026-08-26,,pending,follow-up,2026-08-29,250
2026-08-26,Grow Fragrance,https://growfragrance.com,gmail,support@growfragrance.com,SENT,2026-08-26,,pending,follow-up,2026-08-29,250
2026-08-26,Jacobsen Salt Co,https://jacobsensalt.com,gmail,hello@jacobsensalt.com,SENT,2026-08-26,,pending,follow-up,2026-08-29,250
2026-08-26,Bedfolk,https://bedfolk.com,gmail,customercare@bedfolk.com,SENT,2026-08-26,,pending,follow-up,2026-08-29,250
2026-08-26,Mora Ceramics,https://moraceramics.com,gmail,care@moraceramics.com,SENT,2026-08-26,,pending,follow-up,2026-08-29,250
2026-08-26,Ruffwear,https://ruffwear.com,gmail,bark@ruffwear.com,SENT,2026-08-26,,pending,follow-up,2026-08-29,250
2026-08-26,Pacifica,https://pacificabeauty.com,gmail,support@pacificabeauty.com,SENT,2026-08-26,,pending,follow-up,2026-08-29,250
2026-08-26,Rose Inc,https://roseinc.com,gmail,customercare@roseinc.com,SENT,2026-08-26,,pending,follow-up,2026-08-29,250
2026-08-26,Death Wish Coffee,https://deathwishcoffee.com,gmail,hey@deathwishcoffee.com,SENT,2026-08-26,,pending,follow-up,2026-08-29,250
2026-08-26,Ratio Coffee,https://ratiocoffee.com,gmail,hello@ratiocoffee.com,SENT,2026-08-26,,pending,follow-up,2026-08-29,250
2026-08-26,Buffy,https://buffy.co,gmail,hello@buffy.co,SENT,2026-08-26,,pending,follow-up,2026-08-29,250
2026-08-26,tentree,https://tentree.com,gmail,support@tentree.com,SENT,2026-08-26,,pending,follow-up,2026-08-29,250
2026-08-26,Saalt,https://saalt.com,gmail,sayhey@saalt.com,SENT,2026-08-26,,pending,follow-up,2026-08-29,250
2026-08-26,Moroccanoil,https://moroccanoil.com,gmail,info@moroccanoil.com,SENT,2026-08-26,,pending,follow-up,2026-08-29,250
2026-08-26,Avocado Green Mattress,https://avocadomattress.com,gmail,support@avocadomattress.com,SENT,2026-08-26,,pending,follow-up,2026-08-29,250
2026-08-26,Simple Modern,https://simplemodern.com,gmail,support@simplemodern.com,SENT,2026-08-26,,pending,follow-up,2026-08-29,250
2026-08-26,Cozy Earth,https://cozyearth.com,gmail,support@cozyearth.com,SENT,2026-08-26,,pending,follow-up,2026-08-29,250
2026-08-26,Year of Ours,https://yearofours.com,gmail,contact@yearofours.com,SENT,2026-08-26,,pending,follow-up,2026-08-29,250
2026-08-26,Chemex,https://chemexcoffeemaker.com,gmail,info@chemexcoffeemaker.com,SENT,2026-08-26,,pending,follow-up,2026-08-29,250
2026-08-26,Corkcicle,https://corkcicle.com,gmail,service@corkcicle.com,SENT,2026-08-26,,pending,follow-up,2026-08-29,250
2026-08-26,Copper Pearl,https://copperpearl.com,gmail,hello@copperpearl.com,SENT,2026-08-26,,pending,follow-up,2026-08-29,250
2026-08-26,SET ACTIVE,https://setactive.co,gmail,hello@setactive.co,SENT,2026-08-26,,pending,follow-up,2026-08-29,250
2026-08-26,Kin Euphorics,https://kineuphorics.com,gmail,hello@kineuphorics.com,SENT,2026-08-26,,pending,follow-up,2026-08-29,250
2026-08-26,Culture Pop,https://drinkculturepop.com,gmail,hello@drinkculturepop.com,SENT,2026-08-26,,pending,follow-up,2026-08-29,250
2026-08-26,Nest New York,https://nestnewyork.com,gmail,customerservice@nestnewyork.com,SENT,2026-08-26,,pending,follow-up,2026-08-29,250
2026-08-26,Hotel Lobby Candle,https://hotellobbycandle.com,gmail,concierge@hotellobbycandle.com,SENT,2026-08-26,,pending,follow-up,2026-08-29,250
2026-08-26,Copper Cow Coffee,https://coppercowcoffee.com,gmail,support@coppercowcoffee.com,SENT,2026-08-26,,pending,follow-up,2026-08-29,250
2026-08-26,Market Lane Coffee,https://marketlane.com.au,gmail,hello@marketlane.com.au,SENT,2026-08-26,,pending,follow-up,2026-08-29,250
2026-08-26,Driftaway Coffee,https://driftaway.coffee,gmail,hi@driftaway.coffee,SENT,2026-08-26,,pending,follow-up,2026-08-29,250
2026-08-26,Proud Mary Coffee,https://proudmarycoffee.com,gmail,online@proudmarycoffee.com,SENT,2026-08-26,,pending,follow-up,2026-08-29,250
2026-08-26,Leaf and Bird,https://leafandbird.com,gmail,hello@leafandbird.com,SENT,2026-08-26,,pending,follow-up,2026-08-29,250
2026-08-26,WeNatal,https://wenatal.com,gmail,care@wenatal.com,SENT,2026-08-26,,pending,follow-up,2026-08-29,250
2026-08-26,Mukti Organics,https://muktiorganics.com,gmail,info@muktiorganics.com,SENT,2026-08-26,,pending,follow-up,2026-08-29,250
2026-08-26,Goumi Kids,https://goumikids.com,gmail,hello@goumikids.com,SENT,2026-08-26,,pending,follow-up,2026-08-29,250
2026-08-26,Native Union,https://nativeunion.com,gmail,support@nativeunion.com,SENT,2026-08-26,,pending,follow-up,2026-08-29,250
2026-08-26,Hideaway Home Fragrances,https://hideawayhomefragrances.com,gmail,hello@hideawayhomefragrances.com,SENT,2026-08-26,,pending,follow-up,2026-08-29,250
2026-08-26,TEPI Naturals,https://tepinaturals.com,gmail,info@tepinaturals.com,SENT,2026-08-26,,pending,follow-up,2026-08-29,250
2026-08-26,Kasvi Beauty,https://kasvibeauty.com,gmail,hello@kasvibeauty.com,SENT,2026-08-26,,pending,follow-up,2026-08-29,250
2026-08-26,UBAE,https://ubae.co,gmail,hello@ubae.co,SENT,2026-08-26,,pending,follow-up,2026-08-29,250
2026-08-26,Golden Nibbles,https://goldennibbles.com,gmail,info@goldennibbles.com,SENT,2026-08-26,,pending,follow-up,2026-08-29,250
2026-08-26,Henry Rose,https://henryrose.com,gmail,hello@henryrose.com,SENT,2026-08-26,,pending,follow-up,2026-08-29,250
2026-08-26,DIME Beauty,https://dimebeautyco.com,gmail,hello@dimebeautyco.com,SENT,2026-08-26,,pending,follow-up,2026-08-29,250
2026-08-26,Slumber Cloud,https://slumbercloud.com,gmail,info@slumbercloud.com,SENT,2026-08-26,,pending,follow-up,2026-08-29,250
2026-08-26,Mushie,https://mushie.com,gmail,support@mushie.com,SENT,2026-08-26,,pending,follow-up,2026-08-29,250
2026-08-26,Indie Lee,https://indielee.com,gmail,hello@indielee.com,SENT,2026-08-26,,pending,follow-up,2026-08-29,250
2026-08-26,Voluspa,https://voluspa.com,gmail,customerservice@voluspa.com,SENT,2026-08-26,,pending,follow-up,2026-08-29,250
2026-08-26,Maiden Home,https://maidenhome.com,gmail,support@maidenhome.com,SENT,2026-08-26,,pending,follow-up,2026-08-29,250
2026-08-26,Bandit Running,https://banditrunning.com,gmail,support@banditrunning.com,SENT,2026-08-26,,pending,follow-up,2026-08-29,250
2026-08-26,Burt's Bees Baby,https://burtsbeesbaby.com,gmail,info@burtsbeesbaby.com,SENT,2026-08-26,,pending,follow-up,2026-08-29,250
2026-08-26,Live Tinted,https://livetinted.com,gmail,hello@livetinted.com,SENT,2026-08-26,,pending,follow-up,2026-08-29,250
2026-08-26,Vilhelm Parfumerie,https://vilhelmparfumerie.com,gmail,info@vilhelmparfumerie.com,SENT,2026-08-26,,pending,follow-up,2026-08-29,250
2026-08-26,Miniware,https://miniware.com,gmail,customerservice@miniware.com,SENT,2026-08-26,,pending,follow-up,2026-08-29,250
2026-08-26,purely elizabeth,https://purelyelizabeth.com,gmail,support@purelyelizabeth.com,SENT,2026-08-26,,pending,follow-up,2026-08-29,250
2026-08-26,Vitruvi,https://vitruvi.com,gmail,hello@vitruvi.com,SENT,2026-08-26,,pending,follow-up,2026-08-29,250
2026-08-26,Equator Coffees,https://equatorcoffees.com,gmail,info@equatorcoffees.com,SENT,2026-08-26,,pending,follow-up,2026-08-29,250
2026-08-26,Intelligentsia,https://intelligentsia.com,gmail,customersupport@intelligentsiacoffee.com,SENT,2026-08-26,,pending,follow-up,2026-08-29,250
2026-08-26,Taza Chocolate,https://tazachocolate.com,gmail,info@tazachocolate.com,SENT,2026-08-26,,pending,follow-up,2026-08-29,250
2026-08-26,moji masala,https://mojimasala.com,gmail,info@mojimasala.com,SENT,2026-08-26,,pending,follow-up,2026-08-29,250
2026-08-26,Wildbird,https://wildbird.co,gmail,hello@wildbird.co,SENT,2026-08-26,,pending,follow-up,2026-08-29,250
2026-08-26,Sakura Bloom,https://sakurabloom.com,gmail,hello@sakurabloom.com,SENT,2026-08-26,,pending,follow-up,2026-08-29,250
2026-08-26,Topo Designs,https://topodesigns.com,gmail,info@topodesigns.com,SENT,2026-08-26,,pending,follow-up,2026-08-29,250
2026-08-26,Schoolhouse,https://schoolhouse.com,gmail,hello@schoolhouse.com,SENT,2026-08-26,,pending,follow-up,2026-08-29,250
2026-08-26,McConnell's,https://mcconnells.com,gmail,info@mcconnells.com,SENT,2026-08-26,,pending,follow-up,2026-08-29,250
2026-08-26,W&P,https://wandp.com,gmail,customerservice@wandp.com,SENT,2026-08-26,,pending,follow-up,2026-08-29,250
